Roster,Institution,State,Institution_Link,Conference,Division
https://www.lagrangepanthers.com/sports/wvball/2021-22/roster,Lagrange College,Georgia,https://www.lagrangepanthers.com/sports/wvball/index,USA South Athletic Conference,NCAA DIII
https://www.goregispride.com/sports/wvball/2021-22/roster,Regis College,Massachusetts,https://www.goregispride.com/sports/wvball/index,Great Northeast Athletic Conference,NCAA DIII
https://laserpride.lasell.edu/sports/wvball/2021-22/roster,Lasell University,Massachusetts,https://laserpride.lasell.edu/sports/wvball/index,Great Northeast Athletic Conference,NCAA DIII
https://www.albertusfalcons.com/sports/wvball/2021-22/roster,Albertus Magnus College,Connecticut,https://www.albertusfalcons.com/sports/wvball/index,Great Northeast Athletic Conference,NCAA DIII
https://arcadiaknights.com/roster.aspx?path=wvball,Arcadia University,Pennsylvania,https://arcadiaknights.com/sports/womens-volleyball,MAC Commonwealth Conference,NCAA DIII
https://lycomingathletics.com/roster.aspx?path=wvball,Lycoming College,Pennsylvania,https://lycomingathletics.com/sports/womens-volleyball,MAC Commonwealth Conference,NCAA DIII
https://albrightathletics.com/roster.aspx?path=wvball,Albright College,Pennsylvania,https://albrightathletics.com/sports/womens-volleyball,MAC Commonwealth Conference,NCAA DIII
https://alfredstate.prestosports.com/sports/wvball/2021-22/roster,Alfred State College,New York,https://alfredstate.prestosports.com/sports/wvball/index,Allegheny Mountain Collegiate Conference,NCAA DIII
https://lakelandmuskies.com/sports/womens-volleyball/roster,Lakeland University,Wisconsin,https://lakelandmuskies.com/sports/womens-volleyball,Northern Athletics Collegiate Conference,NCAA DIII
https://athletics.wesleyan.edu/sports/wvball/roster,Wesleyan University,Connecticut,https://athletics.wesleyan.edu/sports/wvball/index,New England Small College Athletic Conference,NCAA DIII
https://gopios.com/sports/womens-volleyball/roster,Carroll University,Wisconsin,https://gopios.com/sports/womens-volleyball,College Conference of Illinois and Wisconsin,NCAA DIII
https://athletics.northpark.edu/sports/womens-volleyball/roster,North Park University,Illinois,https://athletics.northpark.edu/sports/womens-volleyball,College Conference of Illinois and Wisconsin,NCAA DIII
https://www.emersonlions.com/sports/wvball/2021-22/roster,Emerson College,Massachusetts,https://www.emersonlions.com/sports/wvball/index,New England Women's and Men's Athletic Conference,NCAA DIII
https://springfieldcollegepride.com/sports/wvball/2021-22/roster,Springfield College,Massachusetts,https://springfieldcollegepride.com/sports/wvball/index,New England Women's and Men's Athletic Conference,NCAA DIII
https://www.clarkathletics.com/sports/wvball/2021-22/roster,Clark University,Massachusetts,https://www.clarkathletics.com/sports/wvball/index,New England Women's and Men's Athletic Conference,NCAA DIII
https://www.bergathletics.com/sports/womens-volleyball/roster,Heidelberg University,Ohio,https://www.bergathletics.com/sports/womens-volleyball,Ohio Athletic Conference,NCAA DIII
https://johnjayathletics.com/sports/womens-volleyball/roster,John Jay College,New York,https://johnjayathletics.com/sports/womens-volleyball,City University of New York Athletic Conference,NCAA DIII
https://mecathletics.com/sports/womens-volleyball/roster,Medgar Evers College,New York,https://mecathletics.com/index.aspx?path=wvball,City University of New York Athletic Conference,NCAA DIII
https://vikings.lawrence.edu/sports/wvball/roster,Lawrence University,Wisconsin,http://vikings.lawrence.edu/sports/wvball/index,Midwest Conference,NCAA DIII
https://athletics.cmu.edu/sports/wvball/2021-22/roster,Carnegie Mellon University,Pennsylvania,https://athletics.cmu.edu/sports/wvball/index,University Athletic Association,NCAA DIII
https://www.fsurams.com/sports/wvball/2021-22/roster,Framingham State University,Massachusetts,https://www.fsurams.com/sports/wvball/index,Massachusetts State Collegiate Athletic Conference,NCAA DIII
https://notredamegators.com/sports/womens-volleyball/roster,Notre Dame University of Maryland,Maryland,https://notredamegators.com/sports/womens-volleyball,Colonial States Athletic Conference,NCAA DIII
https://www.haverfordathletics.com/sports/wvball/2021-22/roster,Haverford College,Pennsylvania,https://www.haverfordathletics.com/sports/wvball/index,Centennial Conference,NCAA DIII
https://gowarriorathletics.com/sports/womens-volleyball/roster?path=wvball,Eastern Connecticut State University,Connecticut,https://www.gowarriorathletics.com/sports/wvball/index,Little East Conference,NCAA DIII
https://westconnathletics.com/sports/womens-volleyball/roster?path=wvball,Western Connecticut State University,Connecticut,https://westconnathletics.com/sports/wvball/index,Little East Conference,NCAA DIII
https://athletics.plymouth.edu/sports/wvball/roster?path=wvball,Plymouth State University,New Hampshire,http://athletics.plymouth.edu/sports/wvball/index,Little East Conference,NCAA DIII
https://www.juniatasports.net/sports/wvball/2021-22/roster,Juniata College,Pennsylvania,https://www.juniatasports.net/sports/wvball/index,Landmark Conference,NCAA DIII
https://www.catholicathletics.com/sports/wvball/2021-22/roster,Catholic University of America,"Washington, D.C.",https://www.catholicathletics.com/sports/wvball/index,Landmark Conference,NCAA DIII
https://abingtonsports.com/sports/womens-volleyball/roster,Pennsylvania State University at Abington,Pennsylvania,https://abingtonsports.com/sports/womens-volleyball,North Eastern Athletic Conference,NCAA DIII
http://athletics.hbg.psu.edu/sports/wvball/2021-22/roster,Pennsylvania State University at Harrisburg,Pennsylvania,http://athletics.hbg.psu.edu/sports/wvball/index,North Eastern Athletic Conference,NCAA DIII
https://govaliants.com/sports/womens-volleyball/roster,Manhattanville College,New York,https://govaliants.com/index.aspx?path=wvball,Skyline Conference,NCAA DIII
https://rutgersnewarkathletics.com/roster.aspx?path=wvball,Rutgers University - Newark,New Jersey,https://rutgersnewarkathletics.com/sports/womens-volleyball,New Jersey Athletic Conference,NCAA DIII
