Division,Institution,Institution_Link
NJCAA DII,Harry S Truman College,https://citycollegesofchicagoathletics.com/index.aspx?path=wvball
NJCAA DII,Olive-Harvey College,https://citycollegesofchicagoathletics.com/index.aspx?path=wvball
NJCAA DII,Harry S Truman College,https://citycollegesofchicagoathletics.com/index.aspx?path=wvball
NJCAA DII,Harry S Truman College,https://citycollegesofchicagoathletics.com/index.aspx?path=wvball
NJCAA DII,Mott Community College,https://www.mcc.edu/athletics/w_volleyball/w_volleyball.shtml
NJCAA DII,Oakland Community College,https://www.mccaa.org/sports/wvball/index
NJCAA DII,Sinclair Community College,https://www.sinclair.edu/student-life/athletics/
NJCAA DII,Harcum College,https://www.harcum.edu/s/1044/edu/index.aspx?sid=1044&gid=1&pgid=1181
NJCAA DII,County College of Morris,https://www.ccm.edu/athletics/volleyball/
NJCAA DII,Community College of Beaver County,https://ccbc.prestosports.com/sports/wvball/index
NJCAA DII,Community College of Baltimore County,https://ccbcessexknights.com/sports/wvball/index
NJCAA DII,Frederick Community College,http://fccathletics.com/sports/wvball/index
